USE `husky-buddy-orig`;

INSERT INTO husky_match (student1_id, student2_id, status, matched_on) VALUES
  (3,20,'active','2025-06-20 00:00:00'),
  (27,33,'pending','2025-03-21 00:00:00'),
  (9,33,'removed','2025-12-08 00:00:00'),
  (13,14,'pending','2025-08-15 00:00:00'),
  (17,21,'completed','2025-10-07 00:00:00'),
  (11,27,'active','2026-01-31 00:00:00'),
  (27,36,'pending','2025-04-22 00:00:00'),
  (20,28,'completed','2025-08-09 00:00:00'),
  (8,36,'completed','2025-06-14 00:00:00'),
  (11,38,'active','2026-03-24 00:00:00'),
  (2,23,'completed','2025-12-31 00:00:00'),
  (19,29,'pending','2025-05-27 00:00:00'),
  (6,24,'completed','2026-02-15 00:00:00'),
  (5,31,'pending','2026-01-08 00:00:00'),
  (1,23,'pending','2026-01-13 00:00:00'),
  (22,29,'removed','2025-10-02 00:00:00'),
  (5,21,'pending','2026-03-11 00:00:00'),
  (20,29,'completed','2026-03-01 00:00:00'),
  (12,17,'pending','2026-03-04 00:00:00'),
  (3,27,'active','2025-07-16 00:00:00'),
  (29,39,'removed','2025-06-23 00:00:00'),
  (5,15,'active','2025-03-23 00:00:00'),
  (7,19,'pending','2025-07-02 00:00:00'),
  (14,22,'completed','2025-03-21 00:00:00'),
  (2,38,'completed','2026-03-31 00:00:00'),
  (19,23,'active','2026-03-25 00:00:00'),
  (35,40,'active','2025-04-04 00:00:00'),
  (14,34,'removed','2026-01-27 00:00:00'),
  (3,16,'completed','2025-04-08 00:00:00'),
  (16,26,'completed','2025-11-11 00:00:00'),
  (7,21,'completed','2025-08-15 00:00:00'),
  (1,26,'completed','2025-10-12 00:00:00'),
  (4,29,'active','2025-03-19 00:00:00'),
  (25,27,'active','2025-10-04 00:00:00'),
  (10,25,'active','2025-12-04 00:00:00'),
  (15,29,'removed','2025-10-03 00:00:00'),
  (26,38,'completed','2025-05-17 00:00:00'),
  (14,17,'completed','2025-12-19 00:00:00'),
  (9,24,'active','2025-09-30 00:00:00'),
  (23,37,'removed','2025-04-02 00:00:00'),
  (10,38,'pending','2025-12-07 00:00:00'),
  (16,21,'active','2025-11-24 00:00:00'),
  (6,32,'active','2025-03-30 00:00:00'),
  (4,30,'removed','2025-11-11 00:00:00'),
  (5,12,'removed','2025-12-31 00:00:00'),
  (16,34,'pending','2026-02-15 00:00:00'),
  (17,20,'active','2025-06-08 00:00:00'),
  (4,27,'active','2025-04-17 00:00:00'),
  (4,21,'completed','2025-12-22 00:00:00');


INSERT INTO student_availability (student_id, day_of_week, start_time, end_time) VALUES
  (1,'Tuesday','12:00:00','14:00:00'),
  (1,'Monday','18:00:00','20:00:00'),
  (1,'Friday','19:00:00','21:00:00'),
  (2,'Friday','15:00:00','17:00:00'),
  (3,'Wednesday','19:00:00','21:00:00'),
  (4,'Thursday','16:00:00','18:00:00'),
  (4,'Sunday','18:00:00','20:00:00'),
  (4,'Friday','17:00:00','19:00:00'),
  (5,'Sunday','11:00:00','13:00:00'),
  (5,'Friday','19:00:00','21:00:00'),
  (5,'Wednesday','08:00:00','10:00:00'),
  (6,'Sunday','12:00:00','14:00:00'),
  (7,'Friday','08:00:00','10:00:00'),
  (8,'Thursday','12:00:00','14:00:00'),
  (9,'Friday','19:00:00','21:00:00'),
  (9,'Saturday','17:00:00','19:00:00'),
  (10,'Wednesday','14:00:00','16:00:00'),
  (10,'Tuesday','14:00:00','16:00:00'),
  (10,'Monday','10:00:00','12:00:00'),
  (11,'Thursday','10:00:00','12:00:00'),
  (11,'Wednesday','10:00:00','12:00:00'),
  (12,'Sunday','19:00:00','21:00:00'),
  (12,'Saturday','14:00:00','16:00:00'),
  (13,'Friday','10:00:00','12:00:00'),
  (13,'Saturday','13:00:00','15:00:00'),
  (14,'Tuesday','15:00:00','17:00:00'),
  (14,'Wednesday','17:00:00','19:00:00'),
  (15,'Thursday','17:00:00','19:00:00'),
  (15,'Tuesday','18:00:00','20:00:00'),
  (15,'Sunday','15:00:00','17:00:00'),
  (16,'Tuesday','11:00:00','13:00:00'),
  (16,'Monday','15:00:00','17:00:00'),
  (16,'Friday','16:00:00','18:00:00'),
  (17,'Monday','13:00:00','15:00:00'),
  (18,'Monday','18:00:00','20:00:00'),
  (18,'Wednesday','19:00:00','21:00:00'),
  (19,'Friday','18:00:00','20:00:00'),
  (20,'Wednesday','17:00:00','19:00:00'),
  (20,'Saturday','13:00:00','15:00:00'),
  (20,'Monday','14:00:00','16:00:00'),
  (21,'Tuesday','17:00:00','19:00:00'),
  (21,'Sunday','08:00:00','10:00:00'),
  (22,'Monday','13:00:00','15:00:00'),
  (22,'Sunday','16:00:00','18:00:00'),
  (23,'Friday','12:00:00','14:00:00'),
  (24,'Sunday','15:00:00','17:00:00'),
  (25,'Saturday','14:00:00','16:00:00'),
  (26,'Sunday','11:00:00','13:00:00'),
  (27,'Thursday','10:00:00','12:00:00'),
  (28,'Wednesday','13:00:00','15:00:00'),
  (28,'Saturday','09:00:00','11:00:00'),
  (29,'Tuesday','19:00:00','21:00:00'),
  (29,'Friday','13:00:00','15:00:00'),
  (29,'Sunday','18:00:00','20:00:00'),
  (30,'Monday','19:00:00','21:00:00'),
  (30,'Saturday','10:00:00','12:00:00'),
  (30,'Sunday','10:00:00','12:00:00'),
  (31,'Friday','09:00:00','11:00:00'),
  (32,'Sunday','16:00:00','18:00:00'),
  (33,'Thursday','19:00:00','21:00:00'),
  (33,'Tuesday','11:00:00','13:00:00'),
  (33,'Wednesday','17:00:00','19:00:00'),
  (34,'Sunday','13:00:00','15:00:00'),
  (34,'Friday','08:00:00','10:00:00'),
  (34,'Tuesday','13:00:00','15:00:00'),
  (35,'Thursday','10:00:00','12:00:00'),
  (35,'Tuesday','19:00:00','21:00:00'),
  (35,'Wednesday','09:00:00','11:00:00'),
  (36,'Thursday','18:00:00','20:00:00'),
  (37,'Saturday','14:00:00','16:00:00'),
  (37,'Monday','18:00:00','20:00:00'),
  (37,'Tuesday','09:00:00','11:00:00'),
  (38,'Friday','15:00:00','17:00:00'),
  (39,'Sunday','10:00:00','12:00:00'),
  (39,'Friday','10:00:00','12:00:00'),
  (39,'Monday','15:00:00','17:00:00'),
  (40,'Wednesday','17:00:00','19:00:00'),
  (40,'Sunday','08:00:00','10:00:00');


INSERT INTO meetup (match_id, meetup_status, meetup_date, spot_id) VALUES
  (38,'cancelled','2025-12-17 22:00:00',34),
  (26,'completed','2026-03-16 21:00:00',16),
  (2,'cancelled','2025-11-30 22:00:00',7),
  (20,'completed','2026-04-11 00:00:00',13),
  (11,'scheduled','2026-01-10 20:00:00',4),
  (9,'completed','2026-01-09 18:00:00',10),
  (1,'scheduled','2026-03-25 16:00:00',26),
  (19,'completed','2026-03-06 22:00:00',15),
  (36,'completed','2025-09-02 22:00:00',31),
  (43,'cancelled','2026-02-25 19:00:00',33),
  (41,'scheduled','2025-12-14 17:00:00',14),
  (8,'cancelled','2026-02-20 18:00:00',13),
  (32,'scheduled','2026-02-03 17:00:00',16),
  (28,'scheduled','2025-12-02 22:00:00',34),
  (5,'cancelled','2025-07-28 16:00:00',5),
  (3,'scheduled','2025-12-10 16:00:00',15),
  (23,'cancelled','2025-09-09 18:00:00',34),
  (46,'cancelled','2026-03-06 21:00:00',17),
  (21,'completed','2025-06-27 19:00:00',32),
  (37,'scheduled','2026-02-23 00:00:00',3),
  (33,'completed','2026-03-12 19:00:00',13),
  (22,'scheduled','2025-11-14 22:00:00',18),
  (30,'cancelled','2025-12-04 00:00:00',34),
  (49,'completed','2026-01-02 19:00:00',8),
  (48,'scheduled','2025-10-18 18:00:00',10),
  (13,'cancelled','2025-11-07 16:00:00',17),
  (45,'scheduled','2025-08-25 00:00:00',2),
  (47,'completed','2025-12-15 22:00:00',6),
  (39,'completed','2026-04-03 19:00:00',21),
  (18,'completed','2025-12-08 16:00:00',10),
  (42,'scheduled','2026-04-02 00:00:00',12),
  (44,'scheduled','2025-12-20 19:00:00',17),
  (10,'scheduled','2026-04-12 18:00:00',8),
  (25,'cancelled','2025-09-01 23:00:00',24),
  (14,'completed','2025-09-08 16:00:00',25);


INSERT INTO meetup_photo (match_id, uploaded_by, photo_url, caption, uploaded_at) VALUES
  (41,23,'https://picsum.photos/seed/husky1/400/300','First meetup at Marino -- great workout!','2025-10-05 20:00:00'),
  (16,1,'https://picsum.photos/seed/husky2/400/300','Study session at Snell went long.','2025-10-06 23:00:00'),
  (44,32,'https://picsum.photos/seed/husky3/400/300','Coffee and a good chat at Tatte.','2025-11-12 18:00:00'),
  (3,27,'https://picsum.photos/seed/husky4/400/300','Coffee and a good chat at Tatte.','2026-02-16 21:00:00'),
  (33,1,'https://picsum.photos/seed/husky5/400/300','First meetup at Marino -- great workout!','2025-11-20 21:00:00'),
  (46,5,'https://picsum.photos/seed/husky6/400/300','Post-run selfie at Centennial Common.','2026-02-15 17:00:00'),
  (38,26,'https://picsum.photos/seed/husky7/400/300','Mission Hill coffee run.','2026-04-11 12:00:00'),
  (11,11,'https://picsum.photos/seed/husky8/400/300','Library grind with my Husky Buddy.','2026-01-31 22:00:00'),
  (14,24,'https://picsum.photos/seed/husky9/400/300','Coffee and a good chat at Tatte.','2026-03-20 18:00:00'),
  (7,11,'https://picsum.photos/seed/husky10/400/300','Studied for finals at Snell all day.','2026-01-14 15:00:00'),
  (17,22,'https://picsum.photos/seed/husky11/400/300','Casual walk around the Fens.','2025-12-16 16:00:00'),
  (8,27,'https://picsum.photos/seed/husky12/400/300','Coffee and a good chat at Tatte.','2025-11-22 20:00:00'),
  (41,23,'https://picsum.photos/seed/husky13/400/300','Tried a new ramen spot on Mass Ave.','2026-01-10 15:00:00'),
  (13,19,'https://picsum.photos/seed/husky14/400/300','First meetup at Marino -- great workout!','2025-10-25 21:00:00'),
  (50,4,'https://picsum.photos/seed/husky15/400/300','Coffee and a good chat at Tatte.','2026-02-12 23:00:00'),
  (25,14,'https://picsum.photos/seed/husky16/400/300','Finally explored the Fenway neighborhood together.','2025-11-01 19:00:00'),
  (11,38,'https://picsum.photos/seed/husky17/400/300','Library grind with my Husky Buddy.','2026-02-18 14:00:00'),
  (18,5,'https://picsum.photos/seed/husky18/400/300','Curry Student Center hangout.','2025-11-01 22:00:00'),
  (35,25,'https://picsum.photos/seed/husky19/400/300','Study session at Snell went long.','2025-12-15 18:00:00'),
  (18,21,'https://picsum.photos/seed/husky20/400/300','Quick lunch at Kigo between classes.','2025-10-19 19:00:00'),
  (50,4,'https://picsum.photos/seed/husky21/400/300','Quick lunch at Kigo between classes.','2026-04-04 12:00:00'),
  (21,27,'https://picsum.photos/seed/husky22/400/300','Grabbed coffee before the game.','2026-03-27 21:00:00'),
  (37,15,'https://picsum.photos/seed/husky23/400/300','Quick lunch at Kigo between classes.','2025-10-27 17:00:00'),
  (26,2,'https://picsum.photos/seed/husky24/400/300','Study session at Snell went long.','2026-02-04 22:00:00'),
  (16,23,'https://picsum.photos/seed/husky25/400/300','Explored Back Bay on a sunny afternoon.','2026-02-04 13:00:00'),
  (38,38,'https://picsum.photos/seed/husky26/400/300','Tried a new ramen spot on Mass Ave.','2025-11-14 18:00:00'),
  (24,19,'https://picsum.photos/seed/husky27/400/300','Study session at Snell went long.','2025-12-03 17:00:00'),
  (6,17,'https://picsum.photos/seed/husky28/400/300','Studied for finals at Snell all day.','2026-03-15 22:00:00'),
  (41,23,'https://picsum.photos/seed/husky29/400/300','Mission Hill coffee run.','2025-10-20 18:00:00'),
  (39,17,'https://picsum.photos/seed/husky30/400/300','Post-run selfie at Centennial Common.','2026-01-05 15:00:00'),
  (30,3,'https://picsum.photos/seed/husky31/400/300','Grabbed coffee before the game.','2025-11-23 00:00:00'),
  (44,6,'https://picsum.photos/seed/husky32/400/300','Late-night snack run near campus.','2025-11-26 12:00:00'),
  (18,21,'https://picsum.photos/seed/husky33/400/300','Coffee and a good chat at Tatte.','2026-01-27 18:00:00'),
  (11,11,'https://picsum.photos/seed/husky34/400/300','First meetup at Marino -- great workout!','2025-10-10 13:00:00'),
  (17,29,'https://picsum.photos/seed/husky35/400/300','Mission Hill coffee run.','2026-02-26 16:00:00'),
  (7,27,'https://picsum.photos/seed/husky36/400/300','Studied for finals at Snell all day.','2025-10-31 16:00:00'),
  (39,17,'https://picsum.photos/seed/husky37/400/300','Study session at Snell went long.','2026-01-07 12:00:00'),
  (11,11,'https://picsum.photos/seed/husky38/400/300','Mission Hill coffee run.','2025-11-29 00:00:00'),
  (39,17,'https://picsum.photos/seed/husky39/400/300','Finally explored the Fenway neighborhood together.','2026-04-08 23:00:00'),
  (24,7,'https://picsum.photos/seed/husky40/400/300','Quick lunch at Kigo between classes.','2026-03-29 21:00:00'),
  (37,29,'https://picsum.photos/seed/husky41/400/300','Coffee and a good chat at Tatte.','2025-10-07 17:00:00'),
  (5,13,'https://picsum.photos/seed/husky42/400/300','Mission Hill coffee run.','2026-03-11 22:00:00'),
  (43,21,'https://picsum.photos/seed/husky43/400/300','Explored Back Bay on a sunny afternoon.','2026-03-01 20:00:00'),
  (34,29,'https://picsum.photos/seed/husky44/400/300','Post-run selfie at Centennial Common.','2026-02-17 16:00:00'),
  (49,4,'https://picsum.photos/seed/husky45/400/300','Casual walk around the Fens.','2026-01-23 18:00:00'),
  (43,16,'https://picsum.photos/seed/husky46/400/300','Finally explored the Fenway neighborhood together.','2025-12-01 17:00:00'),
  (8,27,'https://picsum.photos/seed/husky47/400/300','Quick lunch at Kigo between classes.','2026-03-27 19:00:00'),
  (2,3,'https://picsum.photos/seed/husky48/400/300','Explored Back Bay on a sunny afternoon.','2026-02-13 15:00:00'),
  (15,31,'https://picsum.photos/seed/husky49/400/300','Coffee and a good chat at Tatte.','2025-10-13 14:00:00'),
  (4,9,'https://picsum.photos/seed/husky50/400/300','Coffee and a good chat at Tatte.','2026-04-04 19:00:00');

INSERT INTO match_feedback (match_id, student_id, rating, comment, created_at) VALUES
  (2,3,3,'Positive experience overall.','2026-03-11 00:00:00'),
  (3,27,5,'Felt like we had known each other for years.','2026-02-10 00:00:00'),
  (4,9,4,'Had a lot in common, excited to meet again.','2026-03-20 00:00:00'),
  (5,13,5,'Really helpful for navigating Northeastern.','2026-01-13 00:00:00'),
  (6,17,4,'Felt like we had known each other for years.','2026-03-31 00:00:00'),
  (7,11,3,'Really helpful for navigating Northeastern.','2026-01-17 00:00:00'),
  (8,27,3,'Had a lot in common, excited to meet again.','2026-02-24 00:00:00'),
  (9,20,4,'Good match but scheduling was tricky.','2025-12-26 00:00:00'),
  (10,8,4,'Felt like we had known each other for years.','2026-02-09 00:00:00'),
  (11,11,4,'Would have liked more communication beforehand.','2025-11-24 00:00:00'),
  (12,2,3,'Loved the campus tour aspect of our meetup.','2025-11-26 00:00:00'),
  (13,19,3,'Different years but lots to talk about.','2026-02-12 00:00:00'),
  (14,6,4,'Felt like we had known each other for years.','2025-12-11 00:00:00'),
  (15,5,4,'Different years but lots to talk about.','2026-03-29 00:00:00'),
  (16,1,4,'Great connection, very easy to talk to.','2026-01-04 00:00:00'),
  (17,22,4,'Nice person but different schedules.','2025-12-26 00:00:00'),
  (18,5,5,'Great for networking advice.','2025-12-10 00:00:00'),
  (19,20,3,'Nice person but different schedules.','2026-02-17 00:00:00'),
  (20,12,5,'Great for networking advice.','2025-11-26 00:00:00'),
  (21,3,5,'Super chill, loved hanging out near campus.','2026-03-30 00:00:00'),
  (22,29,5,'Felt like we had known each other for years.','2025-12-06 00:00:00'),
  (23,5,3,'Great connection, very easy to talk to.','2025-12-04 00:00:00'),
  (24,7,3,'Really enjoyed the meetup, would recommend.','2025-11-12 00:00:00'),
  (25,14,5,'Really thoughtful and supportive.','2026-02-12 00:00:00'),
  (26,2,3,'Different years but lots to talk about.','2025-11-19 00:00:00'),
  (27,19,5,'Could have had more shared interests but still fun.','2026-04-03 00:00:00'),
  (28,40,3,'Really helpful for navigating Northeastern.','2025-10-27 00:00:00'),
  (29,14,5,'Positive experience overall.','2026-01-23 00:00:00'),
  (30,3,3,'Loved the campus tour aspect of our meetup.','2026-01-23 00:00:00'),
  (31,16,4,'Really helpful for navigating Northeastern.','2026-03-11 00:00:00'),
  (32,7,4,'Super chill, loved hanging out near campus.','2026-03-26 00:00:00'),
  (33,1,4,'Could have had more shared interests but still fun.','2025-11-20 00:00:00'),
  (34,4,3,'Positive experience overall.','2026-02-18 00:00:00'),
  (35,25,4,'Good match but scheduling was tricky.','2026-01-14 00:00:00'),
  (36,10,3,'Super chill, loved hanging out near campus.','2026-01-31 00:00:00'),
  (37,15,4,'Really thoughtful and supportive.','2025-11-25 00:00:00'),
  (38,26,5,'Would have liked more communication beforehand.','2025-10-28 00:00:00'),
  (39,14,3,'Loved the campus tour aspect of our meetup.','2025-11-23 00:00:00'),
  (40,9,5,'Really enjoyed the meetup, would recommend.','2026-03-10 00:00:00'),
  (41,23,3,'Different years but lots to talk about.','2026-03-17 00:00:00'),
  (42,10,3,'Nice person but different schedules.','2026-01-31 00:00:00'),
  (43,16,3,'Great for networking advice.','2026-01-16 00:00:00'),
  (44,6,5,'Loved the campus tour aspect of our meetup.','2026-02-05 00:00:00'),
  (45,4,4,'Nice person but different schedules.','2026-03-31 00:00:00'),
  (46,5,5,'Really helpful for navigating Northeastern.','2026-02-02 00:00:00'),
  (47,16,3,'Super chill, loved hanging out near campus.','2026-03-11 00:00:00'),
  (48,17,3,'Great for networking advice.','2025-12-21 00:00:00'),
  (49,4,5,'Really helpful for navigating Northeastern.','2025-11-21 00:00:00'),
  (50,4,3,'Really enjoyed the meetup, would recommend.','2025-10-19 00:00:00');


INSERT INTO flag_report (reporter_id, reported_id, reason, status, created_at) VALUES
  (10,35,'Missed meetup without any communication.','resolved','2025-11-15 00:00:00'),
  (36,10,'Repeated no-shows to scheduled meetups.','reviewed','2026-04-03 00:00:00'),
  (20,24,'Missed meetup without any communication.','resolved','2026-02-19 00:00:00'),
  (16,7,'Fake or unverifiable profile details.','dismissed','2026-03-05 00:00:00'),
  (16,11,'Inappropriate messages during chat.','dismissed','2026-04-07 00:00:00'),
  (12,22,'Repeated no-shows to scheduled meetups.','reviewed','2026-02-04 00:00:00'),
  (11,7,'Repeated no-shows to scheduled meetups.','open','2025-12-14 00:00:00'),
  (15,13,'Spam messages sent through the platform.','resolved','2026-01-25 00:00:00'),
  (2,13,'Repeated no-shows to scheduled meetups.','resolved','2026-02-01 00:00:00'),
  (5,18,'Fake or unverifiable profile details.','dismissed','2025-11-27 00:00:00'),
  (22,2,'Profile information appeared misleading.','resolved','2026-02-27 00:00:00'),
  (38,17,'Missed meetup without any communication.','open','2025-12-23 00:00:00'),
  (23,21,'Repeated no-shows to scheduled meetups.','open','2026-01-05 00:00:00'),
  (37,13,'Harassment or unwanted contact.','open','2025-12-23 00:00:00'),
  (1,34,'Used the app for non-social networking purposes.','reviewed','2026-01-10 00:00:00'),
  (28,5,'Fake or unverifiable profile details.','resolved','2026-03-13 00:00:00'),
  (20,33,'Harassment or unwanted contact.','dismissed','2026-01-20 00:00:00'),
  (26,19,'Used the app for non-social networking purposes.','reviewed','2026-02-23 00:00:00'),
  (27,25,'Inappropriate messages during chat.','resolved','2025-12-31 00:00:00'),
  (36,1,'Harassment or unwanted contact.','resolved','2026-02-19 00:00:00'),
  (28,38,'Uncomfortable interaction during meetup.','resolved','2025-12-15 00:00:00'),
  (14,33,'Spam messages sent through the platform.','reviewed','2026-03-23 00:00:00'),
  (19,33,'Uncomfortable interaction during meetup.','resolved','2026-03-21 00:00:00'),
  (16,20,'Did not show up to scheduled meetup.','reviewed','2026-03-07 00:00:00'),
  (2,3,'Did not show up to scheduled meetup.','dismissed','2026-03-26 00:00:00'),
  (30,27,'Uncomfortable interaction during meetup.','reviewed','2026-01-05 00:00:00'),
  (32,26,'Did not show up to scheduled meetup.','reviewed','2026-04-12 00:00:00'),
  (7,28,'Did not show up to scheduled meetup.','reviewed','2025-12-02 00:00:00'),
  (30,4,'Used the app for non-social networking purposes.','reviewed','2026-03-13 00:00:00'),
  (30,9,'Spam messages sent through the platform.','resolved','2025-12-21 00:00:00'),
  (40,33,'Repeated no-shows to scheduled meetups.','dismissed','2026-03-04 00:00:00'),
  (31,29,'Harassment or unwanted contact.','reviewed','2026-02-02 00:00:00'),
  (34,32,'Did not show up to scheduled meetup.','resolved','2025-12-22 00:00:00'),
  (5,19,'Did not show up to scheduled meetup.','resolved','2026-01-18 00:00:00'),
  (21,35,'Profile information appeared misleading.','reviewed','2026-03-06 00:00:00');


INSERT INTO moderation_action (admin_id, user_id, report_id, action_type, action_date, notes) VALUES
  (2,35,1,'warning issued','2025-11-16 22:00:00','Account temporarily suspended pending review.'),
  (2,10,2,'removed','2026-04-04 04:00:00','Escalated to moderation lead for further review.'),
  (3,24,3,'warning issued','2026-02-20 04:00:00','Reviewed content and issued formal warning.'),
  (2,7,4,'warning issued','2026-03-06 02:00:00','Under active review, user notified.'),
  (1,11,5,'warning issued','2026-04-08 08:00:00','Reviewed content and issued formal warning.'),
  (3,22,6,'under review','2026-02-05 02:00:00','Escalated to moderation lead for further review.'),
  (5,7,7,'kept','2025-12-15 09:00:00','Reminder sent about platform community guidelines.'),
  (3,13,8,'warning issued','2026-01-26 09:00:00','Reviewed content and issued formal warning.'),
  (4,13,9,'under review','2026-02-02 20:00:00','Escalated to moderation lead for further review.'),
  (2,18,10,'warning issued','2025-11-27 10:00:00','Under active review, user notified.'),
  (5,2,11,'removed','2026-02-28 03:00:00','Under active review, user notified.'),
  (5,17,12,'removed','2025-12-23 07:00:00','Escalated to moderation lead for further review.'),
  (2,21,13,'warning issued','2026-01-05 13:00:00','Reviewed content and issued formal warning.'),
  (3,13,14,'warning issued','2025-12-23 22:00:00','Reminder sent about platform community guidelines.'),
  (4,34,15,'under review','2026-01-10 23:00:00','Escalated to moderation lead for further review.'),
  (3,5,16,'warning issued','2026-03-13 18:00:00','User profile verified; report dismissed.'),
  (4,33,17,'removed','2026-01-21 12:00:00','Reviewed content and issued formal warning.'),
  (3,19,18,'kept','2026-02-24 19:00:00','User profile verified; report dismissed.'),
  (1,25,19,'removed','2025-12-31 17:00:00','Reminder sent about platform community guidelines.'),
  (1,1,20,'kept','2026-02-19 17:00:00','Account temporarily suspended pending review.'),
  (4,38,21,'removed','2025-12-16 14:00:00','Reminder sent about platform community guidelines.'),
  (4,33,22,'under review','2026-03-24 01:00:00','Account temporarily suspended pending review.'),
  (5,33,23,'removed','2026-03-21 12:00:00','No violation found; report closed.'),
  (1,20,24,'removed','2026-03-07 21:00:00','Under active review, user notified.'),
  (4,3,25,'warning issued','2026-03-27 23:00:00','Reminder sent about platform community guidelines.'),
  (1,27,26,'kept','2026-01-05 08:00:00','No violation found; report closed.'),
  (5,26,27,'removed','2026-04-13 14:00:00','Reviewed content and issued formal warning.'),
  (3,28,28,'warning issued','2025-12-03 20:00:00','User was removed after repeat violations.'),
  (1,4,29,'under review','2026-03-13 02:00:00','Escalated to moderation lead for further review.'),
  (4,9,30,'removed','2025-12-22 05:00:00','User was removed after repeat violations.'),
  (4,33,31,'kept','2026-03-05 05:00:00','Account temporarily suspended pending review.'),
  (5,29,32,'under review','2026-02-03 17:00:00','Meetup etiquette reminder sent to user.'),
  (4,32,33,'warning issued','2025-12-23 05:00:00','Under active review, user notified.'),
  (3,19,34,'under review','2026-01-18 17:00:00','User profile verified; report dismissed.'),
  (3,35,35,'warning issued','2026-03-06 17:00:00','Profile updated after admin clarification request.');