USE `husky-buddy-orig`;

INSERT INTO husky_match (match_id, student1_id, student2_id, status, matched_on) VALUES
  (1,11,32,'removed','2025-06-20 00:00:00'),
  (2,3,20,'active','2025-06-20 00:00:00'),
  (3,27,33,'pending','2025-03-21 00:00:00'),
  (4,9,33,'removed','2025-12-08 00:00:00'),
  (5,13,14,'pending','2025-08-15 00:00:00'),
  (6,17,21,'completed','2025-10-07 00:00:00'),
  (7,11,27,'active','2026-01-31 00:00:00'),
  (8,27,36,'pending','2025-04-22 00:00:00'),
  (9,20,28,'completed','2025-08-09 00:00:00'),
  (10,8,36,'completed','2025-06-14 00:00:00'),
  (11,11,38,'active','2026-03-24 00:00:00'),
  (12,2,23,'completed','2025-12-31 00:00:00'),
  (13,19,29,'pending','2025-05-27 00:00:00'),
  (14,6,24,'completed','2026-02-15 00:00:00'),
  (15,5,31,'pending','2026-01-08 00:00:00'),
  (16,1,23,'pending','2026-01-13 00:00:00'),
  (17,22,29,'removed','2025-10-02 00:00:00'),
  (18,5,21,'pending','2026-03-11 00:00:00'),
  (19,20,29,'completed','2026-03-01 00:00:00'),
  (20,12,17,'pending','2026-03-04 00:00:00'),
  (21,3,27,'active','2025-07-16 00:00:00'),
  (22,29,39,'removed','2025-06-23 00:00:00'),
  (23,5,15,'active','2025-03-23 00:00:00'),
  (24,7,19,'pending','2025-07-02 00:00:00'),
  (25,14,22,'completed','2025-03-21 00:00:00'),
  (26,2,38,'completed','2026-03-31 00:00:00'),
  (27,19,23,'active','2026-03-25 00:00:00'),
  (28,35,40,'active','2025-04-04 00:00:00'),
  (29,14,34,'removed','2026-01-27 00:00:00'),
  (30,3,16,'completed','2025-04-08 00:00:00'),
  (31,16,26,'completed','2025-11-11 00:00:00'),
  (32,7,21,'completed','2025-08-15 00:00:00'),
  (33,1,26,'completed','2025-10-12 00:00:00'),
  (34,4,29,'active','2025-03-19 00:00:00'),
  (35,25,27,'active','2025-10-04 00:00:00'),
  (36,10,25,'active','2025-12-04 00:00:00'),
  (37,15,29,'removed','2025-10-03 00:00:00'),
  (38,26,38,'completed','2025-05-17 00:00:00'),
  (39,14,17,'completed','2025-12-19 00:00:00'),
  (40,9,24,'active','2025-09-30 00:00:00'),
  (41,23,37,'removed','2025-04-02 00:00:00'),
  (42,10,38,'pending','2025-12-07 00:00:00'),
  (43,16,21,'active','2025-11-24 00:00:00'),
  (44,6,32,'active','2025-03-30 00:00:00'),
  (45,4,30,'removed','2025-11-11 00:00:00'),
  (46,5,12,'removed','2025-12-31 00:00:00'),
  (47,16,34,'pending','2026-02-15 00:00:00'),
  (48,17,20,'active','2025-06-08 00:00:00'),
  (49,4,27,'active','2025-04-17 00:00:00'),
  (50,4,21,'completed','2025-12-22 00:00:00');


INSERT INTO student_availability (availability_id, student_id, day_of_week, start_time, end_time) VALUES
  (1,1,'Tuesday','12:00:00','14:00:00'),
  (2,1,'Monday','18:00:00','20:00:00'),
  (3,1,'Friday','19:00:00','21:00:00'),
  (4,2,'Friday','15:00:00','17:00:00'),
  (5,3,'Wednesday','19:00:00','21:00:00'),
  (6,4,'Thursday','16:00:00','18:00:00'),
  (7,4,'Sunday','18:00:00','20:00:00'),
  (8,4,'Friday','17:00:00','19:00:00'),
  (9,5,'Sunday','11:00:00','13:00:00'),
  (10,5,'Friday','19:00:00','21:00:00'),
  (11,5,'Wednesday','08:00:00','10:00:00'),
  (12,6,'Sunday','12:00:00','14:00:00'),
  (13,7,'Friday','08:00:00','10:00:00'),
  (14,8,'Thursday','12:00:00','14:00:00'),
  (15,9,'Friday','19:00:00','21:00:00'),
  (16,9,'Saturday','17:00:00','19:00:00'),
  (17,10,'Wednesday','14:00:00','16:00:00'),
  (18,10,'Tuesday','14:00:00','16:00:00'),
  (19,10,'Monday','10:00:00','12:00:00'),
  (20,11,'Thursday','10:00:00','12:00:00'),
  (21,11,'Wednesday','10:00:00','12:00:00'),
  (22,12,'Sunday','19:00:00','21:00:00'),
  (23,12,'Saturday','14:00:00','16:00:00'),
  (24,13,'Friday','10:00:00','12:00:00'),
  (25,13,'Saturday','13:00:00','15:00:00'),
  (26,14,'Tuesday','15:00:00','17:00:00'),
  (27,14,'Wednesday','17:00:00','19:00:00'),
  (28,15,'Thursday','17:00:00','19:00:00'),
  (29,15,'Tuesday','18:00:00','20:00:00'),
  (30,15,'Sunday','15:00:00','17:00:00'),
  (31,16,'Tuesday','11:00:00','13:00:00'),
  (32,16,'Monday','15:00:00','17:00:00'),
  (33,16,'Friday','16:00:00','18:00:00'),
  (34,17,'Monday','13:00:00','15:00:00'),
  (35,18,'Monday','18:00:00','20:00:00'),
  (36,18,'Wednesday','19:00:00','21:00:00'),
  (37,19,'Friday','18:00:00','20:00:00'),
  (38,20,'Wednesday','17:00:00','19:00:00'),
  (39,20,'Saturday','13:00:00','15:00:00'),
  (40,20,'Monday','14:00:00','16:00:00'),
  (41,21,'Tuesday','17:00:00','19:00:00'),
  (42,21,'Sunday','08:00:00','10:00:00'),
  (43,22,'Monday','13:00:00','15:00:00'),
  (44,22,'Sunday','16:00:00','18:00:00'),
  (45,23,'Friday','12:00:00','14:00:00'),
  (46,24,'Sunday','15:00:00','17:00:00'),
  (47,25,'Saturday','14:00:00','16:00:00'),
  (48,26,'Sunday','11:00:00','13:00:00'),
  (49,27,'Thursday','10:00:00','12:00:00'),
  (50,28,'Wednesday','13:00:00','15:00:00'),
  (51,28,'Saturday','09:00:00','11:00:00'),
  (52,29,'Tuesday','19:00:00','21:00:00'),
  (53,29,'Friday','13:00:00','15:00:00'),
  (54,29,'Sunday','18:00:00','20:00:00'),
  (55,30,'Monday','19:00:00','21:00:00'),
  (56,30,'Saturday','10:00:00','12:00:00'),
  (57,30,'Sunday','10:00:00','12:00:00'),
  (58,31,'Friday','09:00:00','11:00:00'),
  (59,32,'Sunday','16:00:00','18:00:00'),
  (60,33,'Thursday','19:00:00','21:00:00'),
  (61,33,'Tuesday','11:00:00','13:00:00'),
  (62,33,'Wednesday','17:00:00','19:00:00'),
  (63,34,'Sunday','13:00:00','15:00:00'),
  (64,34,'Friday','08:00:00','10:00:00'),
  (65,34,'Tuesday','13:00:00','15:00:00'),
  (66,35,'Thursday','10:00:00','12:00:00'),
  (67,35,'Tuesday','19:00:00','21:00:00'),
  (68,35,'Wednesday','09:00:00','11:00:00'),
  (69,36,'Thursday','18:00:00','20:00:00'),
  (70,37,'Saturday','14:00:00','16:00:00'),
  (71,37,'Monday','18:00:00','20:00:00'),
  (72,37,'Tuesday','09:00:00','11:00:00'),
  (73,38,'Friday','15:00:00','17:00:00'),
  (74,39,'Sunday','10:00:00','12:00:00'),
  (75,39,'Friday','10:00:00','12:00:00'),
  (76,39,'Monday','15:00:00','17:00:00'),
  (77,40,'Wednesday','17:00:00','19:00:00'),
  (78,40,'Sunday','08:00:00','10:00:00');


INSERT INTO meetup (meetup_id, match_id, meetup_status, meetup_date, spot_id) VALUES
  (1,38,'cancelled','2025-12-17 22:00:00',34),
  (2,26,'completed','2026-03-16 21:00:00',16),
  (3,2,'cancelled','2025-11-30 22:00:00',7),
  (4,20,'completed','2026-04-11 00:00:00',13),
  (5,11,'scheduled','2026-01-10 20:00:00',4),
  (6,9,'completed','2026-01-09 18:00:00',10),
  (7,1,'scheduled','2026-03-25 16:00:00',26),
  (8,19,'completed','2026-03-06 22:00:00',15),
  (9,36,'completed','2025-09-02 22:00:00',31),
  (10,43,'cancelled','2026-02-25 19:00:00',33),
  (11,41,'scheduled','2025-12-14 17:00:00',14),
  (12,8,'cancelled','2026-02-20 18:00:00',13),
  (13,32,'scheduled','2026-02-03 17:00:00',16),
  (14,28,'scheduled','2025-12-02 22:00:00',34),
  (15,5,'cancelled','2025-07-28 16:00:00',5),
  (16,3,'scheduled','2025-12-10 16:00:00',15),
  (17,23,'cancelled','2025-09-09 18:00:00',34),
  (18,46,'cancelled','2026-03-06 21:00:00',17),
  (19,21,'completed','2025-06-27 19:00:00',32),
  (20,37,'scheduled','2026-02-23 00:00:00',3),
  (21,33,'completed','2026-03-12 19:00:00',13),
  (22,22,'scheduled','2025-11-14 22:00:00',18),
  (23,30,'cancelled','2025-12-04 00:00:00',34),
  (24,49,'completed','2026-01-02 19:00:00',8),
  (25,48,'scheduled','2025-10-18 18:00:00',10),
  (26,13,'cancelled','2025-11-07 16:00:00',17),
  (27,45,'scheduled','2025-08-25 00:00:00',2),
  (28,47,'completed','2025-12-15 22:00:00',6),
  (29,39,'completed','2026-04-03 19:00:00',21),
  (30,18,'completed','2025-12-08 16:00:00',10),
  (31,42,'scheduled','2026-04-02 00:00:00',12),
  (32,44,'scheduled','2025-12-20 19:00:00',17),
  (33,10,'scheduled','2026-04-12 18:00:00',8),
  (34,25,'cancelled','2025-09-01 23:00:00',24),
  (35,14,'completed','2025-09-08 16:00:00',25);


INSERT INTO meetup_photo (photo_id, match_id, uploaded_by, photo_url, caption, uploaded_at) VALUES
  (1,41,8,'https://huskybuddy.app/photos/meetup-41-photo-1.jpg','First meetup at Marino -- great workout!','2025-10-05 20:00:00'),
  (2,16,15,'https://huskybuddy.app/photos/meetup-16-photo-2.jpg','Study session at Snell went long.','2025-10-06 23:00:00'),
  (3,44,35,'https://huskybuddy.app/photos/meetup-44-photo-3.jpg','Coffee and a good chat at Tatte.','2025-11-12 18:00:00'),
  (4,3,2,'https://huskybuddy.app/photos/meetup-3-photo-4.jpg','Coffee and a good chat at Tatte.','2026-02-16 21:00:00'),
  (5,33,39,'https://huskybuddy.app/photos/meetup-33-photo-5.jpg','First meetup at Marino -- great workout!','2025-11-20 21:00:00'),
  (6,46,35,'https://huskybuddy.app/photos/meetup-46-photo-6.jpg','Post-run selfie at Centennial Common.','2026-02-15 17:00:00'),
  (7,38,18,'https://huskybuddy.app/photos/meetup-38-photo-7.jpg','Mission Hill coffee run.','2026-04-11 12:00:00'),
  (8,11,28,'https://huskybuddy.app/photos/meetup-11-photo-8.jpg','Library grind with my Husky Buddy.','2026-01-31 22:00:00'),
  (9,14,22,'https://huskybuddy.app/photos/meetup-14-photo-9.jpg','Coffee and a good chat at Tatte.','2026-03-20 18:00:00'),
  (10,7,23,'https://huskybuddy.app/photos/meetup-7-photo-10.jpg','Studied for finals at Snell all day.','2026-01-14 15:00:00'),
  (11,17,3,'https://huskybuddy.app/photos/meetup-17-photo-11.jpg','Casual walk around the Fens.','2025-12-16 16:00:00'),
  (12,8,25,'https://huskybuddy.app/photos/meetup-8-photo-12.jpg','Coffee and a good chat at Tatte.','2025-11-22 20:00:00'),
  (13,41,40,'https://huskybuddy.app/photos/meetup-41-photo-13.jpg','Tried a new ramen spot on Mass Ave.','2026-01-10 15:00:00'),
  (14,13,5,'https://huskybuddy.app/photos/meetup-13-photo-14.jpg','First meetup at Marino -- great workout!','2025-10-25 21:00:00'),
  (15,50,19,'https://huskybuddy.app/photos/meetup-50-photo-15.jpg','Coffee and a good chat at Tatte.','2026-02-12 23:00:00'),
  (16,25,18,'https://huskybuddy.app/photos/meetup-25-photo-16.jpg','Finally explored the Fenway neighborhood together.','2025-11-01 19:00:00'),
  (17,11,24,'https://huskybuddy.app/photos/meetup-11-photo-17.jpg','Library grind with my Husky Buddy.','2026-02-18 14:00:00'),
  (18,18,5,'https://huskybuddy.app/photos/meetup-18-photo-18.jpg','Curry Student Center hangout.','2025-11-01 22:00:00'),
  (19,35,16,'https://huskybuddy.app/photos/meetup-35-photo-19.jpg','Study session at Snell went long.','2025-12-15 18:00:00'),
  (20,18,36,'https://huskybuddy.app/photos/meetup-18-photo-20.jpg','Quick lunch at Kigo between classes.','2025-10-19 19:00:00'),
  (21,50,4,'https://huskybuddy.app/photos/meetup-50-photo-21.jpg','Quick lunch at Kigo between classes.','2026-04-04 12:00:00'),
  (22,21,26,'https://huskybuddy.app/photos/meetup-21-photo-22.jpg','Grabbed coffee before the game.','2026-03-27 21:00:00'),
  (23,37,21,'https://huskybuddy.app/photos/meetup-37-photo-23.jpg','Quick lunch at Kigo between classes.','2025-10-27 17:00:00'),
  (24,26,30,'https://huskybuddy.app/photos/meetup-26-photo-24.jpg','Study session at Snell went long.','2026-02-04 22:00:00'),
  (25,16,36,'https://huskybuddy.app/photos/meetup-16-photo-25.jpg','Explored Back Bay on a sunny afternoon.','2026-02-04 13:00:00'),
  (26,38,28,'https://huskybuddy.app/photos/meetup-38-photo-26.jpg','Tried a new ramen spot on Mass Ave.','2025-11-14 18:00:00'),
  (27,24,15,'https://huskybuddy.app/photos/meetup-24-photo-27.jpg','Study session at Snell went long.','2025-12-03 17:00:00'),
  (28,6,4,'https://huskybuddy.app/photos/meetup-6-photo-28.jpg','Studied for finals at Snell all day.','2026-03-15 22:00:00'),
  (29,41,11,'https://huskybuddy.app/photos/meetup-41-photo-29.jpg','Mission Hill coffee run.','2025-10-20 18:00:00'),
  (30,39,5,'https://huskybuddy.app/photos/meetup-39-photo-30.jpg','Post-run selfie at Centennial Common.','2026-01-05 15:00:00'),
  (31,30,34,'https://huskybuddy.app/photos/meetup-30-photo-31.jpg','Grabbed coffee before the game.','2025-11-23 00:00:00'),
  (32,44,8,'https://huskybuddy.app/photos/meetup-44-photo-32.jpg','Late-night snack run near campus.','2025-11-26 12:00:00'),
  (33,18,22,'https://huskybuddy.app/photos/meetup-18-photo-33.jpg','Coffee and a good chat at Tatte.','2026-01-27 18:00:00'),
  (34,11,30,'https://huskybuddy.app/photos/meetup-11-photo-34.jpg','First meetup at Marino -- great workout!','2025-10-10 13:00:00'),
  (35,17,33,'https://huskybuddy.app/photos/meetup-17-photo-35.jpg','Mission Hill coffee run.','2026-02-26 16:00:00'),
  (36,7,20,'https://huskybuddy.app/photos/meetup-7-photo-36.jpg','Studied for finals at Snell all day.','2025-10-31 16:00:00'),
  (37,39,13,'https://huskybuddy.app/photos/meetup-39-photo-37.jpg','Study session at Snell went long.','2026-01-07 12:00:00'),
  (38,11,35,'https://huskybuddy.app/photos/meetup-11-photo-38.jpg','Mission Hill coffee run.','2025-11-29 00:00:00'),
  (39,39,21,'https://huskybuddy.app/photos/meetup-39-photo-39.jpg','Finally explored the Fenway neighborhood together.','2026-04-08 23:00:00'),
  (40,24,20,'https://huskybuddy.app/photos/meetup-24-photo-40.jpg','Quick lunch at Kigo between classes.','2026-03-29 21:00:00'),
  (41,37,6,'https://huskybuddy.app/photos/meetup-37-photo-41.jpg','Coffee and a good chat at Tatte.','2025-10-07 17:00:00'),
  (42,5,35,'https://huskybuddy.app/photos/meetup-5-photo-42.jpg','Mission Hill coffee run.','2026-03-11 22:00:00'),
  (43,43,31,'https://huskybuddy.app/photos/meetup-43-photo-43.jpg','Explored Back Bay on a sunny afternoon.','2026-03-01 20:00:00'),
  (44,34,39,'https://huskybuddy.app/photos/meetup-34-photo-44.jpg','Post-run selfie at Centennial Common.','2026-02-17 16:00:00'),
  (45,49,13,'https://huskybuddy.app/photos/meetup-49-photo-45.jpg','Casual walk around the Fens.','2026-01-23 18:00:00'),
  (46,43,24,'https://huskybuddy.app/photos/meetup-43-photo-46.jpg','Finally explored the Fenway neighborhood together.','2025-12-01 17:00:00'),
  (47,8,16,'https://huskybuddy.app/photos/meetup-8-photo-47.jpg','Quick lunch at Kigo between classes.','2026-03-27 19:00:00'),
  (48,2,38,'https://huskybuddy.app/photos/meetup-2-photo-48.jpg','Explored Back Bay on a sunny afternoon.','2026-02-13 15:00:00'),
  (49,15,1,'https://huskybuddy.app/photos/meetup-15-photo-49.jpg','Coffee and a good chat at Tatte.','2025-10-13 14:00:00'),
  (50,4,15,'https://huskybuddy.app/photos/meetup-4-photo-50.jpg','Coffee and a good chat at Tatte.','2026-04-04 19:00:00');

INSERT INTO match_feedback (feedback_id, match_id, student_id, rating, comment, created_at) VALUES
  (1,1,5,5,'Had a lot in common, excited to meet again.','2026-02-01 00:00:00'),
  (2,2,32,3,'Positive experience overall.','2026-03-11 00:00:00'),
  (3,3,37,5,'Felt like we had known each other for years.','2026-02-10 00:00:00'),
  (4,4,31,4,'Had a lot in common, excited to meet again.','2026-03-20 00:00:00'),
  (5,5,7,5,'Really helpful for navigating Northeastern.','2026-01-13 00:00:00'),
  (6,6,28,4,'Felt like we had known each other for years.','2026-03-31 00:00:00'),
  (7,7,7,3,'Really helpful for navigating Northeastern.','2026-01-17 00:00:00'),
  (8,8,7,3,'Had a lot in common, excited to meet again.','2026-02-24 00:00:00'),
  (9,9,35,4,'Good match but scheduling was tricky.','2025-12-26 00:00:00'),
  (10,10,12,4,'Felt like we had known each other for years.','2026-02-09 00:00:00'),
  (11,11,5,4,'Would have liked more communication beforehand.','2025-11-24 00:00:00'),
  (12,12,7,3,'Loved the campus tour aspect of our meetup.','2025-11-26 00:00:00'),
  (13,13,1,3,'Different years but lots to talk about.','2026-02-12 00:00:00'),
  (14,14,11,4,'Felt like we had known each other for years.','2025-12-11 00:00:00'),
  (15,15,14,4,'Different years but lots to talk about.','2026-03-29 00:00:00'),
  (16,16,11,4,'Great connection, very easy to talk to.','2026-01-04 00:00:00'),
  (17,17,17,4,'Nice person but different schedules.','2025-12-26 00:00:00'),
  (18,18,36,5,'Great for networking advice.','2025-12-10 00:00:00'),
  (19,19,10,3,'Nice person but different schedules.','2026-02-17 00:00:00'),
  (20,20,4,5,'Great for networking advice.','2025-11-26 00:00:00'),
  (21,21,4,5,'Super chill, loved hanging out near campus.','2026-03-30 00:00:00'),
  (22,22,4,5,'Felt like we had known each other for years.','2025-12-06 00:00:00'),
  (23,23,34,3,'Great connection, very easy to talk to.','2025-12-04 00:00:00'),
  (24,24,6,3,'Really enjoyed the meetup, would recommend.','2025-11-12 00:00:00'),
  (25,25,5,5,'Really thoughtful and supportive.','2026-02-12 00:00:00'),
  (26,26,26,3,'Different years but lots to talk about.','2025-11-19 00:00:00'),
  (27,27,16,5,'Could have had more shared interests but still fun.','2026-04-03 00:00:00'),
  (28,28,40,3,'Really helpful for navigating Northeastern.','2025-10-27 00:00:00'),
  (29,29,38,5,'Positive experience overall.','2026-01-23 00:00:00'),
  (30,30,17,3,'Loved the campus tour aspect of our meetup.','2026-01-23 00:00:00'),
  (31,31,16,4,'Really helpful for navigating Northeastern.','2026-03-11 00:00:00'),
  (32,32,20,4,'Super chill, loved hanging out near campus.','2026-03-26 00:00:00'),
  (33,33,1,4,'Could have had more shared interests but still fun.','2025-11-20 00:00:00'),
  (34,34,7,3,'Positive experience overall.','2026-02-18 00:00:00'),
  (35,35,33,4,'Good match but scheduling was tricky.','2026-01-14 00:00:00'),
  (36,36,5,3,'Super chill, loved hanging out near campus.','2026-01-31 00:00:00'),
  (37,37,11,4,'Really thoughtful and supportive.','2025-11-25 00:00:00'),
  (38,38,20,5,'Would have liked more communication beforehand.','2025-10-28 00:00:00'),
  (39,39,34,3,'Loved the campus tour aspect of our meetup.','2025-11-23 00:00:00'),
  (40,40,20,5,'Really enjoyed the meetup, would recommend.','2026-03-10 00:00:00'),
  (41,41,17,3,'Different years but lots to talk about.','2026-03-17 00:00:00'),
  (42,42,36,3,'Nice person but different schedules.','2026-01-31 00:00:00'),
  (43,43,39,3,'Great for networking advice.','2026-01-16 00:00:00'),
  (44,44,14,5,'Loved the campus tour aspect of our meetup.','2026-02-05 00:00:00'),
  (45,45,33,4,'Nice person but different schedules.','2026-03-31 00:00:00'),
  (46,46,6,5,'Really helpful for navigating Northeastern.','2026-02-02 00:00:00'),
  (47,47,3,3,'Super chill, loved hanging out near campus.','2026-03-11 00:00:00'),
  (48,48,17,3,'Great for networking advice.','2025-12-21 00:00:00'),
  (49,49,36,5,'Really helpful for navigating Northeastern.','2025-11-21 00:00:00'),
  (50,50,1,3,'Really enjoyed the meetup, would recommend.','2025-10-19 00:00:00');


INSERT INTO match_feedback (feedback_id, match_id, student_id, rating, comment, created_at) VALUES
  (1,1,5,5,'Had a lot in common, excited to meet again.','2026-02-01 00:00:00'),
  (2,2,32,3,'Positive experience overall.','2026-03-11 00:00:00'),
  (3,3,37,5,'Felt like we had known each other for years.','2026-02-10 00:00:00'),
  (4,4,31,4,'Had a lot in common, excited to meet again.','2026-03-20 00:00:00'),
  (5,5,7,5,'Really helpful for navigating Northeastern.','2026-01-13 00:00:00'),
  (6,6,28,4,'Felt like we had known each other for years.','2026-03-31 00:00:00'),
  (7,7,7,3,'Really helpful for navigating Northeastern.','2026-01-17 00:00:00'),
  (8,8,7,3,'Had a lot in common, excited to meet again.','2026-02-24 00:00:00'),
  (9,9,35,4,'Good match but scheduling was tricky.','2025-12-26 00:00:00'),
  (10,10,12,4,'Felt like we had known each other for years.','2026-02-09 00:00:00'),
  (11,11,5,4,'Would have liked more communication beforehand.','2025-11-24 00:00:00'),
  (12,12,7,3,'Loved the campus tour aspect of our meetup.','2025-11-26 00:00:00'),
  (13,13,1,3,'Different years but lots to talk about.','2026-02-12 00:00:00'),
  (14,14,11,4,'Felt like we had known each other for years.','2025-12-11 00:00:00'),
  (15,15,14,4,'Different years but lots to talk about.','2026-03-29 00:00:00'),
  (16,16,11,4,'Great connection, very easy to talk to.','2026-01-04 00:00:00'),
  (17,17,17,4,'Nice person but different schedules.','2025-12-26 00:00:00'),
  (18,18,36,5,'Great for networking advice.','2025-12-10 00:00:00'),
  (19,19,10,3,'Nice person but different schedules.','2026-02-17 00:00:00'),
  (20,20,4,5,'Great for networking advice.','2025-11-26 00:00:00'),
  (21,21,4,5,'Super chill, loved hanging out near campus.','2026-03-30 00:00:00'),
  (22,22,4,5,'Felt like we had known each other for years.','2025-12-06 00:00:00'),
  (23,23,34,3,'Great connection, very easy to talk to.','2025-12-04 00:00:00'),
  (24,24,6,3,'Really enjoyed the meetup, would recommend.','2025-11-12 00:00:00'),
  (25,25,5,5,'Really thoughtful and supportive.','2026-02-12 00:00:00'),
  (26,26,26,3,'Different years but lots to talk about.','2025-11-19 00:00:00'),
  (27,27,16,5,'Could have had more shared interests but still fun.','2026-04-03 00:00:00'),
  (28,28,40,3,'Really helpful for navigating Northeastern.','2025-10-27 00:00:00'),
  (29,29,38,5,'Positive experience overall.','2026-01-23 00:00:00'),
  (30,30,17,3,'Loved the campus tour aspect of our meetup.','2026-01-23 00:00:00'),
  (31,31,16,4,'Really helpful for navigating Northeastern.','2026-03-11 00:00:00'),
  (32,32,20,4,'Super chill, loved hanging out near campus.','2026-03-26 00:00:00'),
  (33,33,1,4,'Could have had more shared interests but still fun.','2025-11-20 00:00:00'),
  (34,34,7,3,'Positive experience overall.','2026-02-18 00:00:00'),
  (35,35,33,4,'Good match but scheduling was tricky.','2026-01-14 00:00:00'),
  (36,36,5,3,'Super chill, loved hanging out near campus.','2026-01-31 00:00:00'),
  (37,37,11,4,'Really thoughtful and supportive.','2025-11-25 00:00:00'),
  (38,38,20,5,'Would have liked more communication beforehand.','2025-10-28 00:00:00'),
  (39,39,34,3,'Loved the campus tour aspect of our meetup.','2025-11-23 00:00:00'),
  (40,40,20,5,'Really enjoyed the meetup, would recommend.','2026-03-10 00:00:00'),
  (41,41,17,3,'Different years but lots to talk about.','2026-03-17 00:00:00'),
  (42,42,36,3,'Nice person but different schedules.','2026-01-31 00:00:00'),
  (43,43,39,3,'Great for networking advice.','2026-01-16 00:00:00'),
  (44,44,14,5,'Loved the campus tour aspect of our meetup.','2026-02-05 00:00:00'),
  (45,45,33,4,'Nice person but different schedules.','2026-03-31 00:00:00'),
  (46,46,6,5,'Really helpful for navigating Northeastern.','2026-02-02 00:00:00'),
  (47,47,3,3,'Super chill, loved hanging out near campus.','2026-03-11 00:00:00'),
  (48,48,17,3,'Great for networking advice.','2025-12-21 00:00:00'),
  (49,49,36,5,'Really helpful for navigating Northeastern.','2025-11-21 00:00:00'),
  (50,50,1,3,'Really enjoyed the meetup, would recommend.','2025-10-19 00:00:00');


INSERT INTO flag_report (report_id, reporter_id, reported_id, reason, status, created_at) VALUES
  (1,10,35,'Missed meetup without any communication.','resolved','2025-11-15 00:00:00'),
  (2,36,10,'Repeated no-shows to scheduled meetups.','reviewed','2026-04-03 00:00:00'),
  (3,20,24,'Missed meetup without any communication.','resolved','2026-02-19 00:00:00'),
  (4,16,7,'Fake or unverifiable profile details.','dismissed','2026-03-05 00:00:00'),
  (5,16,11,'Inappropriate messages during chat.','dismissed','2026-04-07 00:00:00'),
  (6,12,22,'Repeated no-shows to scheduled meetups.','reviewed','2026-02-04 00:00:00'),
  (7,11,7,'Repeated no-shows to scheduled meetups.','open','2025-12-14 00:00:00'),
  (8,15,13,'Spam messages sent through the platform.','resolved','2026-01-25 00:00:00'),
  (9,2,13,'Repeated no-shows to scheduled meetups.','resolved','2026-02-01 00:00:00'),
  (10,5,18,'Fake or unverifiable profile details.','dismissed','2025-11-27 00:00:00'),
  (11,22,2,'Profile information appeared misleading.','resolved','2026-02-27 00:00:00'),
  (12,38,17,'Missed meetup without any communication.','open','2025-12-23 00:00:00'),
  (13,23,21,'Repeated no-shows to scheduled meetups.','open','2026-01-05 00:00:00'),
  (14,37,13,'Harassment or unwanted contact.','open','2025-12-23 00:00:00'),
  (15,1,34,'Used the app for non-social networking purposes.','reviewed','2026-01-10 00:00:00'),
  (16,28,5,'Fake or unverifiable profile details.','resolved','2026-03-13 00:00:00'),
  (17,20,33,'Harassment or unwanted contact.','dismissed','2026-01-20 00:00:00'),
  (18,26,19,'Used the app for non-social networking purposes.','reviewed','2026-02-23 00:00:00'),
  (19,27,25,'Inappropriate messages during chat.','resolved','2025-12-31 00:00:00'),
  (20,36,1,'Harassment or unwanted contact.','resolved','2026-02-19 00:00:00'),
  (21,28,38,'Uncomfortable interaction during meetup.','resolved','2025-12-15 00:00:00'),
  (22,14,33,'Spam messages sent through the platform.','reviewed','2026-03-23 00:00:00'),
  (23,19,33,'Uncomfortable interaction during meetup.','resolved','2026-03-21 00:00:00'),
  (24,16,20,'Did not show up to scheduled meetup.','reviewed','2026-03-07 00:00:00'),
  (25,2,3,'Did not show up to scheduled meetup.','dismissed','2026-03-26 00:00:00'),
  (26,30,27,'Uncomfortable interaction during meetup.','reviewed','2026-01-05 00:00:00'),
  (27,32,26,'Did not show up to scheduled meetup.','reviewed','2026-04-12 00:00:00'),
  (28,7,28,'Did not show up to scheduled meetup.','reviewed','2025-12-02 00:00:00'),
  (29,30,4,'Used the app for non-social networking purposes.','reviewed','2026-03-13 00:00:00'),
  (30,30,9,'Spam messages sent through the platform.','resolved','2025-12-21 00:00:00'),
  (31,40,33,'Repeated no-shows to scheduled meetups.','dismissed','2026-03-04 00:00:00'),
  (32,31,29,'Harassment or unwanted contact.','reviewed','2026-02-02 00:00:00'),
  (33,34,32,'Did not show up to scheduled meetup.','resolved','2025-12-22 00:00:00'),
  (34,5,19,'Did not show up to scheduled meetup.','resolved','2026-01-18 00:00:00'),
  (35,21,35,'Profile information appeared misleading.','reviewed','2026-03-06 00:00:00');


INSERT INTO moderation_action (action_id, admin_id, user_id, report_id, action_type, action_date, notes) VALUES
  (1,2,35,1,'warning issued','2025-11-16 22:00:00','Account temporarily suspended pending review.'),
  (2,2,10,2,'removed','2026-04-04 04:00:00','Escalated to moderation lead for further review.'),
  (3,3,24,3,'warning issued','2026-02-20 04:00:00','Reviewed content and issued formal warning.'),
  (4,2,7,4,'warning issued','2026-03-06 02:00:00','Under active review, user notified.'),
  (5,1,11,5,'warning issued','2026-04-08 08:00:00','Reviewed content and issued formal warning.'),
  (6,3,22,6,'under review','2026-02-05 02:00:00','Escalated to moderation lead for further review.'),
  (7,5,7,7,'kept','2025-12-15 09:00:00','Reminder sent about platform community guidelines.'),
  (8,3,13,8,'warning issued','2026-01-26 09:00:00','Reviewed content and issued formal warning.'),
  (9,4,13,9,'under review','2026-02-02 20:00:00','Escalated to moderation lead for further review.'),
  (10,2,18,10,'warning issued','2025-11-27 10:00:00','Under active review, user notified.'),
  (11,5,2,11,'removed','2026-02-28 03:00:00','Under active review, user notified.'),
  (12,5,17,12,'removed','2025-12-23 07:00:00','Escalated to moderation lead for further review.'),
  (13,2,21,13,'warning issued','2026-01-05 13:00:00','Reviewed content and issued formal warning.'),
  (14,3,13,14,'warning issued','2025-12-23 22:00:00','Reminder sent about platform community guidelines.'),
  (15,4,34,15,'under review','2026-01-10 23:00:00','Escalated to moderation lead for further review.'),
  (16,3,5,16,'warning issued','2026-03-13 18:00:00','User profile verified; report dismissed.'),
  (17,4,33,17,'removed','2026-01-21 12:00:00','Reviewed content and issued formal warning.'),
  (18,3,19,18,'kept','2026-02-24 19:00:00','User profile verified; report dismissed.'),
  (19,1,25,19,'removed','2025-12-31 17:00:00','Reminder sent about platform community guidelines.'),
  (20,1,1,20,'kept','2026-02-19 17:00:00','Account temporarily suspended pending review.'),
  (21,4,38,21,'removed','2025-12-16 14:00:00','Reminder sent about platform community guidelines.'),
  (22,4,33,22,'under review','2026-03-24 01:00:00','Account temporarily suspended pending review.'),
  (23,5,33,23,'removed','2026-03-21 12:00:00','No violation found; report closed.'),
  (24,1,20,24,'removed','2026-03-07 21:00:00','Under active review, user notified.'),
  (25,4,3,25,'warning issued','2026-03-27 23:00:00','Reminder sent about platform community guidelines.'),
  (26,1,27,26,'kept','2026-01-05 08:00:00','No violation found; report closed.'),
  (27,5,26,27,'removed','2026-04-13 14:00:00','Reviewed content and issued formal warning.'),
  (28,3,28,28,'warning issued','2025-12-03 20:00:00','User was removed after repeat violations.'),
  (29,1,4,29,'under review','2026-03-13 02:00:00','Escalated to moderation lead for further review.'),
  (30,4,9,30,'removed','2025-12-22 05:00:00','User was removed after repeat violations.'),
  (31,4,33,31,'kept','2026-03-05 05:00:00','Account temporarily suspended pending review.'),
  (32,5,29,32,'under review','2026-02-03 17:00:00','Meetup etiquette reminder sent to user.'),
  (33,4,32,33,'warning issued','2025-12-23 05:00:00','Under active review, user notified.'),
  (34,3,19,34,'under review','2026-01-18 17:00:00','User profile verified; report dismissed.'),
  (35,3,35,35,'warning issued','2026-03-06 17:00:00','Profile updated after admin clarification request.');


